BEGIN TRANSACTION;
CREATE TABLE "auth_group" ("id" integer NOT NULL PRIMARY KEY AUTOINCREMENT, "name" varchar(150) NOT NULL UNIQUE);
CREATE TABLE "auth_group_permissions" ("id" integer NOT NULL PRIMARY KEY AUTOINCREMENT, "group_id" integer NOT NULL REFERENCES "auth_group" ("id") DEFERRABLE INITIALLY DEFERRED, "permission_id" integer NOT NULL REFERENCES "auth_permission" ("id") DEFERRABLE INITIALLY DEFERRED);
CREATE TABLE "auth_permission" ("id" integer NOT NULL PRIMARY KEY AUTOINCREMENT, "content_type_id" integer NOT NULL REFERENCES "django_content_type" ("id") DEFERRABLE INITIALLY DEFERRED, "codename" varchar(100) NOT NULL, "name" varchar(255) NOT NULL);
INSERT INTO "auth_permission" VALUES(1,1,'add_logentry','Can add log entry');
INSERT INTO "auth_permission" VALUES(2,1,'change_logentry','Can change log entry');
INSERT INTO "auth_permission" VALUES(3,1,'delete_logentry','Can delete log entry');
INSERT INTO "auth_permission" VALUES(4,1,'view_logentry','Can view log entry');
INSERT INTO "auth_permission" VALUES(5,2,'add_permission','Can add permission');
INSERT INTO "auth_permission" VALUES(6,2,'change_permission','Can change permission');
INSERT INTO "auth_permission" VALUES(7,2,'delete_permission','Can delete permission');
INSERT INTO "auth_permission" VALUES(8,2,'view_permission','Can view permission');
INSERT INTO "auth_permission" VALUES(9,3,'add_group','Can add group');
INSERT INTO "auth_permission" VALUES(10,3,'change_group','Can change group');
INSERT INTO "auth_permission" VALUES(11,3,'delete_group','Can delete group');
INSERT INTO "auth_permission" VALUES(12,3,'view_group','Can view group');
INSERT INTO "auth_permission" VALUES(13,4,'add_user','Can add user');
INSERT INTO "auth_permission" VALUES(14,4,'change_user','Can change user');
INSERT INTO "auth_permission" VALUES(15,4,'delete_user','Can delete user');
INSERT INTO "auth_permission" VALUES(16,4,'view_user','Can view user');
INSERT INTO "auth_permission" VALUES(17,5,'add_contenttype','Can add content type');
INSERT INTO "auth_permission" VALUES(18,5,'change_contenttype','Can change content type');
INSERT INTO "auth_permission" VALUES(19,5,'delete_contenttype','Can delete content type');
INSERT INTO "auth_permission" VALUES(20,5,'view_contenttype','Can view content type');
INSERT INTO "auth_permission" VALUES(21,6,'add_session','Can add session');
INSERT INTO "auth_permission" VALUES(22,6,'change_session','Can change session');
INSERT INTO "auth_permission" VALUES(23,6,'delete_session','Can delete session');
INSERT INTO "auth_permission" VALUES(24,6,'view_session','Can view session');
INSERT INTO "auth_permission" VALUES(25,7,'add_profile','Can add profile');
INSERT INTO "auth_permission" VALUES(26,7,'change_profile','Can change profile');
INSERT INTO "auth_permission" VALUES(27,7,'delete_profile','Can delete profile');
INSERT INTO "auth_permission" VALUES(28,7,'view_profile','Can view profile');
INSERT INTO "auth_permission" VALUES(29,8,'add_friendrequest','Can add friend request');
INSERT INTO "auth_permission" VALUES(30,8,'change_friendrequest','Can change friend request');
INSERT INTO "auth_permission" VALUES(31,8,'delete_friendrequest','Can delete friend request');
INSERT INTO "auth_permission" VALUES(32,8,'view_friendrequest','Can view friend request');
INSERT INTO "auth_permission" VALUES(33,9,'add_friendship','Can add friendship');
INSERT INTO "auth_permission" VALUES(34,9,'change_friendship','Can change friendship');
INSERT INTO "auth_permission" VALUES(35,9,'delete_friendship','Can delete friendship');
INSERT INTO "auth_permission" VALUES(36,9,'view_friendship','Can view friendship');
INSERT INTO "auth_permission" VALUES(37,10,'add_post','Can add post');
INSERT INTO "auth_permission" VALUES(38,10,'change_post','Can change post');
INSERT INTO "auth_permission" VALUES(39,10,'delete_post','Can delete post');
INSERT INTO "auth_permission" VALUES(40,10,'view_post','Can view post');
INSERT INTO "auth_permission" VALUES(41,11,'add_comment','Can add comment');
INSERT INTO "auth_permission" VALUES(42,11,'change_comment','Can change comment');
INSERT INTO "auth_permission" VALUES(43,11,'delete_comment','Can delete comment');
INSERT INTO "auth_permission" VALUES(44,11,'view_comment','Can view comment');
INSERT INTO "auth_permission" VALUES(45,12,'add_like','Can add like');
INSERT INTO "auth_permission" VALUES(46,12,'change_like','Can change like');
INSERT INTO "auth_permission" VALUES(47,12,'delete_like','Can delete like');
INSERT INTO "auth_permission" VALUES(48,12,'view_like','Can view like');
INSERT INTO "auth_permission" VALUES(49,13,'add_directconversation','Can add direct conversation');
INSERT INTO "auth_permission" VALUES(50,13,'change_directconversation','Can change direct conversation');
INSERT INTO "auth_permission" VALUES(51,13,'delete_directconversation','Can delete direct conversation');
INSERT INTO "auth_permission" VALUES(52,13,'view_directconversation','Can view direct conversation');
INSERT INTO "auth_permission" VALUES(53,14,'add_directmessage','Can add direct message');
INSERT INTO "auth_permission" VALUES(54,14,'change_directmessage','Can change direct message');
INSERT INTO "auth_permission" VALUES(55,14,'delete_directmessage','Can delete direct message');
INSERT INTO "auth_permission" VALUES(56,14,'view_directmessage','Can view direct message');
INSERT INTO "auth_permission" VALUES(57,15,'add_directconversationparticipant','Can add direct conversation participant');
INSERT INTO "auth_permission" VALUES(58,15,'change_directconversationparticipant','Can change direct conversation participant');
INSERT INTO "auth_permission" VALUES(59,15,'delete_directconversationparticipant','Can delete direct conversation participant');
INSERT INTO "auth_permission" VALUES(60,15,'view_directconversationparticipant','Can view direct conversation participant');
CREATE TABLE "auth_user" ("id" integer NOT NULL PRIMARY KEY AUTOINCREMENT, "password" varchar(128) NOT NULL, "last_login" datetime NULL, "is_superuser" bool NOT NULL, "username" varchar(150) NOT NULL UNIQUE, "last_name" varchar(150) NOT NULL, "email" varchar(254) NOT NULL, "is_staff" bool NOT NULL, "is_active" bool NOT NULL, "date_joined" datetime NOT NULL, "first_name" varchar(150) NOT NULL);
INSERT INTO "auth_user" VALUES(1,'pbkdf2_sha256$1000000$dGVgBZ5LyyMPWaMbgAW6xm$ZnPXmxfem7NK0iLmH3X9/knVtgVFeXqp7KrqGAANiJ4=','2025-12-02 20:45:01.540878',1,'admin','','',1,1,'2025-12-02 15:57:41.928274','');
INSERT INTO "auth_user" VALUES(2,'pbkdf2_sha256$1000000$G2BavfnnlZRwQnY168TanI$TezbUkA9uXfESuuHuRVjeDsWXrh79oWbYNgawWOesHA=','2025-12-02 20:48:34.186347',0,'playboi_carti','','balenciagatrump2@gmail.com',0,1,'2025-12-02 16:04:11.351420','');
INSERT INTO "auth_user" VALUES(3,'pbkdf2_sha256$1000000$1zr4yKLd5unDmbFiXh6J26$YrPX7vStZVI//BU7PLOkztD8BOybHrdI9nmPZ/n5PY4=','2025-12-02 20:49:11.782554',0,'lil_tecca','','LilTecca@gmail.com',0,1,'2025-12-02 16:08:31.143628','');
INSERT INTO "auth_user" VALUES(4,'pbkdf2_sha256$1000000$TGh82wsGRvkCA4uWd0AnAT$o+gRUhmlEZX11bPDbKg82CfmcfPCy9CTAVaGugt0whQ=','2025-12-02 19:08:49.215464',0,'temp1','','',0,1,'2025-12-02 19:08:47.070475','');
INSERT INTO "auth_user" VALUES(5,'pbkdf2_sha256$1000000$rZMDdyrlVj2zRdqxCOASEe$JuIFnQX9qWFXTaSJWFxxeil2SPQbvWjKOcbq14Xh9mE=',NULL,0,'temp2','','',0,1,'2025-12-02 19:08:47.973862','');
INSERT INTO "auth_user" VALUES(8,'pbkdf2_sha256$1000000$sb2PM90Ud136kJS9c1CB3M$UudJC98IjyWpHqO0vsUeNae4t7Z3qhXfn1fjVgKwE3E=','2025-12-02 19:11:01.060801',0,'pauthor','','',0,1,'2025-12-02 19:10:58.902865','');
INSERT INTO "auth_user" VALUES(9,'pbkdf2_sha256$1000000$9OQ13H8IhLeiXQbubM7whW$Vl6dDbsZOJOM/2oJF8VjwjCPp6gII+Zt/HFFq3mHYwU=',NULL,0,'pguest','','',0,1,'2025-12-02 19:10:59.835875','');
INSERT INTO "auth_user" VALUES(10,'pbkdf2_sha256$1000000$MHnEAcDezSKP02cXYTVyEd$Oozma63J/DekAUhhZW4D/GeSdt0tyC3ARaxGI9UYn6E=','2025-12-02 19:53:00.909989',0,'user2','','sex@gmail.com',0,1,'2025-12-02 19:52:59.882538','');
CREATE TABLE "auth_user_groups" ("id" integer NOT NULL PRIMARY KEY AUTOINCREMENT, "user_id" integer NOT NULL REFERENCES "auth_user" ("id") DEFERRABLE INITIALLY DEFERRED, "group_id" integer NOT NULL REFERENCES "auth_group" ("id") DEFERRABLE INITIALLY DEFERRED);
CREATE TABLE "auth_user_user_permissions" ("id" integer NOT NULL PRIMARY KEY AUTOINCREMENT, "user_id" integer NOT NULL REFERENCES "auth_user" ("id") DEFERRABLE INITIALLY DEFERRED, "permission_id" integer NOT NULL REFERENCES "auth_permission" ("id") DEFERRABLE INITIALLY DEFERRED);
CREATE TABLE "django_admin_log" ("id" integer NOT NULL PRIMARY KEY AUTOINCREMENT, "object_id" text NULL, "object_repr" varchar(200) NOT NULL, "action_flag" smallint unsigned NOT NULL CHECK ("action_flag" >= 0), "change_message" text NOT NULL, "content_type_id" integer NULL REFERENCES "django_content_type" ("id") DEFERRABLE INITIALLY DEFERRED, "user_id" integer NOT NULL REFERENCES "auth_user" ("id") DEFERRABLE INITIALLY DEFERRED, "action_time" datetime NOT NULL);
CREATE TABLE "django_content_type" ("id" integer NOT NULL PRIMARY KEY AUTOINCREMENT, "app_label" varchar(100) NOT NULL, "model" varchar(100) NOT NULL);
INSERT INTO "django_content_type" VALUES(1,'admin','logentry');
INSERT INTO "django_content_type" VALUES(2,'auth','permission');
INSERT INTO "django_content_type" VALUES(3,'auth','group');
INSERT INTO "django_content_type" VALUES(4,'auth','user');
INSERT INTO "django_content_type" VALUES(5,'contenttypes','contenttype');
INSERT INTO "django_content_type" VALUES(6,'sessions','session');
INSERT INTO "django_content_type" VALUES(7,'profiles','profile');
INSERT INTO "django_content_type" VALUES(8,'friendships','friendrequest');
INSERT INTO "django_content_type" VALUES(9,'friendships','friendship');
INSERT INTO "django_content_type" VALUES(10,'posts','post');
INSERT INTO "django_content_type" VALUES(11,'posts','comment');
INSERT INTO "django_content_type" VALUES(12,'posts','like');
INSERT INTO "django_content_type" VALUES(13,'messaging','directconversation');
INSERT INTO "django_content_type" VALUES(14,'messaging','directmessage');
INSERT INTO "django_content_type" VALUES(15,'messaging','directconversationparticipant');
CREATE TABLE "django_migrations" ("id" integer NOT NULL PRIMARY KEY AUTOINCREMENT, "app" varchar(255) NOT NULL, "name" varchar(255) NOT NULL, "applied" datetime NOT NULL);
INSERT INTO "django_migrations" VALUES(1,'contenttypes','0001_initial','2025-12-02 15:37:22.032298');
INSERT INTO "django_migrations" VALUES(2,'auth','0001_initial','2025-12-02 15:37:22.198274');
INSERT INTO "django_migrations" VALUES(3,'admin','0001_initial','2025-12-02 15:37:22.356783');
INSERT INTO "django_migrations" VALUES(4,'admin','0002_logentry_remove_auto_add','2025-12-02 15:37:22.428429');
INSERT INTO "django_migrations" VALUES(5,'admin','0003_logentry_add_action_flag_choices','2025-12-02 15:37:22.510520');
INSERT INTO "django_migrations" VALUES(6,'contenttypes','0002_remove_content_type_name','2025-12-02 15:37:22.581030');
INSERT INTO "django_migrations" VALUES(7,'auth','0002_alter_permission_name_max_length','2025-12-02 15:37:22.702012');
INSERT INTO "django_migrations" VALUES(8,'auth','0003_alter_user_email_max_length','2025-12-02 15:37:22.879874');
INSERT INTO "django_migrations" VALUES(9,'auth','0004_alter_user_username_opts','2025-12-02 15:37:22.976988');
INSERT INTO "django_migrations" VALUES(10,'auth','0005_alter_user_last_login_null','2025-12-02 15:37:23.034959');
INSERT INTO "django_migrations" VALUES(11,'auth','0006_require_contenttypes_0002','2025-12-02 15:37:23.106635');
INSERT INTO "django_migrations" VALUES(12,'auth','0007_alter_validators_add_error_messages','2025-12-02 15:37:23.182746');
INSERT INTO "django_migrations" VALUES(13,'auth','0008_alter_user_username_max_length','2025-12-02 15:37:23.252554');
INSERT INTO "django_migrations" VALUES(14,'auth','0009_alter_user_last_name_max_length','2025-12-02 15:37:23.362446');
INSERT INTO "django_migrations" VALUES(15,'auth','0010_alter_group_name_max_length','2025-12-02 15:37:23.462287');
INSERT INTO "django_migrations" VALUES(16,'auth','0011_update_proxy_permissions','2025-12-02 15:37:23.568933');
INSERT INTO "django_migrations" VALUES(17,'auth','0012_alter_user_first_name_max_length','2025-12-02 15:37:23.634322');
INSERT INTO "django_migrations" VALUES(18,'friendships','0001_initial','2025-12-02 15:37:23.828904');
INSERT INTO "django_migrations" VALUES(19,'messaging','0001_initial','2025-12-02 15:37:23.970477');
INSERT INTO "django_migrations" VALUES(20,'posts','0001_initial','2025-12-02 15:37:24.181644');
INSERT INTO "django_migrations" VALUES(21,'profiles','0001_initial','2025-12-02 15:37:24.264136');
INSERT INTO "django_migrations" VALUES(22,'sessions','0001_initial','2025-12-02 15:37:24.440118');
INSERT INTO "django_migrations" VALUES(23,'posts','0002_post_topic','2025-12-02 18:07:23.379982');
INSERT INTO "django_migrations" VALUES(24,'posts','0003_expand_topics','2025-12-02 19:13:57.601435');
INSERT INTO "django_migrations" VALUES(25,'messaging','0002_directmessage_image_alter_directmessage_content','2025-12-06 23:11:00.388476');
CREATE TABLE "django_session" ("session_key" varchar(40) NOT NULL PRIMARY KEY, "session_data" text NOT NULL, "expire_date" datetime NOT NULL);
INSERT INTO "django_session" VALUES('t2r43c0uih25scrpvpbsvqg2i87ul4q4','.eJxVjMEOwiAQRP-FsyELpdj16L3f0LDLKlUDSWlPxn-XJj3oaTIzb-atprCtadqqLNMc1UU5dfrNKPBT8l7ER8j3ornkdZlJ74g-2qrHEuV1Pdi_gxRqauszBzGIzvY0kGVvoRuAmmfopIm1jMAgXgABo-GGGBbD6MjfelCfL8fhNzI:1vQVk1:ExTxyBTpK5kNXK31XIy1aT-vWI4ue9Ul8Lad_5wbg2M','2025-12-16 19:08:49.279742');
INSERT INTO "django_session" VALUES('xbau28z1xcasau2hq9lgv9stapupvnk2','.eJxVjMsOwiAQRf-FtSGUxwAu3fsNhOkMUjUlKe3K-O_apAvd3nPOfYmUt7WmrfOSJhJnAeL0u2EeHzzvgO55vjU5tnldJpS7Ig_a5bURPy-H-3dQc6_femANI8ZQvPLEA2gOwFEbl1n5aEJAix4glGKdxewoWNJoyIBTng2K9wfagTeS:1vQVl6:OOI5Kf1E8-hwyUzqpbZmCBaHJGL2DjtRspp19MqEjVc','2025-12-16 19:09:56.789135');
INSERT INTO "django_session" VALUES('j1fhxcdf6ix3q4quhjy8v8ktxemlvkgu','.eJxVjEEOwiAQRe_C2hBaYGhduvcMzQwzSNVAUtqV8e7apAvd_vfef6kJtzVPW5Nlmlmd1aBOvxthfEjZAd-x3KqOtazLTHpX9EGbvlaW5-Vw_w4ytvytQ09gHcW-E4vGhy4iDGCiWEjOiwGPBIHJE1Hg0XNC69gKhOTB4ajeH-ZnODY:1vQVm9:iDVnNkMhE6kp-2Rx3kZaRlmo7_OD9BT-jXWAzVgjdU8','2025-12-16 19:11:01.116380');
INSERT INTO "django_session" VALUES('9ja1i8yjs6jdt3ij13ez6bcqnbzhrblr','.eJxVjDsOwjAQBe_iGln-fyjpOYO1Xq9xADlSnFSIu0OkFNC-mXkvlmBbW9oGLWkq7Mw0O_1uGfBBfQflDv02c5z7ukyZ7wo_6ODXudDzcrh_Bw1G-9YQi_PSRBEpOwNCIPkgi8lW1ahrKEhGERqyoYK2pFAGj05k1K7matn7A-qiOG8:1vQXJ9:mEOFjN-SAxwlP_g1mctr_xxt7ClDVoHPG7mtb9QUu00','2025-12-16 20:49:11.829808');
CREATE TABLE "friendships_friendrequest" ("id" integer NOT NULL PRIMARY KEY AUTOINCREMENT, "status" varchar(20) NOT NULL, "created_at" datetime NOT NULL, "responded_at" datetime NULL, "from_user_id" integer NOT NULL REFERENCES "auth_user" ("id") DEFERRABLE INITIALLY DEFERRED, "to_user_id" integer NOT NULL REFERENCES "auth_user" ("id") DEFERRABLE INITIALLY DEFERRED, CONSTRAINT "friend_request_not_self" CHECK (NOT ("from_user_id" = ("to_user_id"))));
INSERT INTO "friendships_friendrequest" VALUES(1,'accepted','2025-12-02 16:05:47.166583','2025-12-02 16:06:22.052457',2,1);
INSERT INTO "friendships_friendrequest" VALUES(2,'accepted','2025-12-02 16:08:44.107018','2025-12-02 16:09:01.221405',3,1);
INSERT INTO "friendships_friendrequest" VALUES(3,'accepted','2025-12-02 16:22:42.983517','2025-12-02 19:17:43.580656',3,2);
INSERT INTO "friendships_friendrequest" VALUES(4,'accepted','2025-12-02 20:48:21.169922','2025-12-02 20:48:41.450446',3,2);
CREATE TABLE "friendships_friendship" ("id" integer NOT NULL PRIMARY KEY AUTOINCREMENT, "created_at" datetime NOT NULL, "user1_id" integer NOT NULL REFERENCES "auth_user" ("id") DEFERRABLE INITIALLY DEFERRED, "user2_id" integer NOT NULL REFERENCES "auth_user" ("id") DEFERRABLE INITIALLY DEFERRED, CONSTRAINT "friendship_ordering" CHECK ("user1_id" < ("user2_id")), CONSTRAINT "unique_friendship_pair" UNIQUE ("user1_id", "user2_id"));
INSERT INTO "friendships_friendship" VALUES(2,'2025-12-02 16:09:01.220372',1,3);
INSERT INTO "friendships_friendship" VALUES(3,'2025-12-02 19:08:48.832219',4,5);
INSERT INTO "friendships_friendship" VALUES(5,'2025-12-02 20:48:41.441340',2,3);
CREATE TABLE "messaging_directconversation" ("id" integer NOT NULL PRIMARY KEY AUTOINCREMENT, "created_at" datetime NOT NULL, "created_by_id" integer NULL REFERENCES "auth_user" ("id") DEFERRABLE INITIALLY DEFERRED);
INSERT INTO "messaging_directconversation" VALUES(1,'2025-12-02 16:09:08.492096',1);
INSERT INTO "messaging_directconversation" VALUES(2,'2025-12-02 16:24:58.377185',3);
INSERT INTO "messaging_directconversation" VALUES(3,'2025-12-02 20:48:48.666870',2);
CREATE TABLE "messaging_directconversationparticipant" ("id" integer NOT NULL PRIMARY KEY AUTOINCREMENT, "is_deleted" bool NOT NULL, "last_read_at" datetime NULL, "conversation_id" bigint NOT NULL REFERENCES "messaging_directconversation" ("id") DEFERRABLE INITIALLY DEFERRED, "user_id" integer NOT NULL REFERENCES "auth_user" ("id") DEFERRABLE INITIALLY DEFERRED);
INSERT INTO "messaging_directconversationparticipant" VALUES(1,0,NULL,1,1);
INSERT INTO "messaging_directconversationparticipant" VALUES(2,0,NULL,1,2);
INSERT INTO "messaging_directconversationparticipant" VALUES(3,0,NULL,2,3);
INSERT INTO "messaging_directconversationparticipant" VALUES(4,0,NULL,2,1);
INSERT INTO "messaging_directconversationparticipant" VALUES(5,0,NULL,3,2);
INSERT INTO "messaging_directconversationparticipant" VALUES(6,0,NULL,3,3);
CREATE TABLE "messaging_directmessage" ("id" integer NOT NULL PRIMARY KEY AUTOINCREMENT, "content" text NOT NULL, "created_at" datetime NOT NULL, "edited_at" datetime NULL, "deleted_for_sender" bool NOT NULL, "deleted_for_recipient" bool NOT NULL, "conversation_id" bigint NOT NULL REFERENCES "messaging_directconversation" ("id") DEFERRABLE INITIALLY DEFERRED, "sender_id" integer NOT NULL REFERENCES "auth_user" ("id") DEFERRABLE INITIALLY DEFERRED, "image" varchar(100) NULL);
INSERT INTO "messaging_directmessage" VALUES(1,'yo chatgpt gimme a beat','2025-12-02 16:09:17.709575',NULL,0,0,1,1,NULL);
INSERT INTO "messaging_directmessage" VALUES(2,'sup buddy how its goin','2025-12-02 16:25:16.708434',NULL,0,0,2,3,NULL);
INSERT INTO "messaging_directmessage" VALUES(3,'u2 bro, all good','2025-12-02 16:26:07.167593',NULL,0,0,2,1,NULL);
INSERT INTO "messaging_directmessage" VALUES(4,'ПРивет друк','2025-12-02 20:48:53.749024',NULL,0,0,3,2,NULL);
INSERT INTO "messaging_directmessage" VALUES(5,'и тебе привет!!!!','2025-12-02 20:49:22.573261',NULL,0,0,3,3,NULL);
CREATE TABLE "posts_comment" ("id" integer NOT NULL PRIMARY KEY AUTOINCREMENT, "content" text NOT NULL, "created_at" datetime NOT NULL, "updated_at" datetime NOT NULL, "is_deleted" bool NOT NULL, "author_id" integer NOT NULL REFERENCES "auth_user" ("id") DEFERRABLE INITIALLY DEFERRED, "post_id" bigint NOT NULL REFERENCES "posts_post" ("id") DEFERRABLE INITIALLY DEFERRED);
INSERT INTO "posts_comment" VALUES(1,'cool twin','2025-12-02 16:22:00.812024','2025-12-02 16:22:00.812166',0,1,4);
INSERT INTO "posts_comment" VALUES(2,'same','2025-12-02 16:45:38.868354','2025-12-02 16:45:38.868561',0,1,1);
INSERT INTO "posts_comment" VALUES(3,'ww','2025-12-02 18:19:07.171231','2025-12-02 18:19:07.171366',1,2,3);
INSERT INTO "posts_comment" VALUES(4,'ww','2025-12-02 18:19:10.706474','2025-12-02 18:19:10.706566',0,2,3);
INSERT INTO "posts_comment" VALUES(5,'www','2025-12-02 18:19:12.834274','2025-12-02 18:19:12.834363',1,2,3);
INSERT INTO "posts_comment" VALUES(7,'Looks good','2025-12-02 19:11:00.750713','2025-12-02 19:11:00.750841',0,9,6);
INSERT INTO "posts_comment" VALUES(8,'liked','2025-12-02 19:15:18.154302','2025-12-02 19:15:18.154427',0,2,1);
INSERT INTO "posts_comment" VALUES(9,'sad as fuck bro...','2025-12-02 19:50:07.931823','2025-12-02 19:50:07.931912',0,1,7);
INSERT INTO "posts_comment" VALUES(10,'sadadadasdadas','2025-12-02 20:46:01.471106','2025-12-02 20:46:01.471228',0,1,7);
INSERT INTO "posts_comment" VALUES(11,'add me back','2025-12-02 20:48:18.729243','2025-12-02 20:48:18.729330',0,3,9);
CREATE TABLE "posts_like" ("id" integer NOT NULL PRIMARY KEY AUTOINCREMENT, "created_at" datetime NOT NULL, "user_id" integer NOT NULL REFERENCES "auth_user" ("id") DEFERRABLE INITIALLY DEFERRED, "post_id" bigint NOT NULL REFERENCES "posts_post" ("id") DEFERRABLE INITIALLY DEFERRED);
INSERT INTO "posts_like" VALUES(10,'2025-12-02 16:45:23.176500',1,4);
INSERT INTO "posts_like" VALUES(17,'2025-12-02 19:15:12.232794',2,1);
INSERT INTO "posts_like" VALUES(29,'2025-12-02 20:45:48.259229',1,7);
INSERT INTO "posts_like" VALUES(30,'2025-12-02 20:48:13.057867',3,9);
CREATE TABLE "posts_post" ("id" integer NOT NULL PRIMARY KEY AUTOINCREMENT, "content" text NOT NULL, "image" varchar(100) NULL, "created_at" datetime NOT NULL, "updated_at" datetime NOT NULL, "is_deleted" bool NOT NULL, "author_id" integer NOT NULL REFERENCES "auth_user" ("id") DEFERRABLE INITIALLY DEFERRED, "topic" varchar(32) NOT NULL);
INSERT INTO "posts_post" VALUES(1,'drunk af','','2025-12-02 15:59:58.256842','2025-12-02 15:59:58.257185',0,1,'non_game');
INSERT INTO "posts_post" VALUES(2,'pbc alive!!','','2025-12-02 16:05:26.701742','2025-12-02 16:10:26.365085',0,2,'non_game');
INSERT INTO "posts_post" VALUES(3,'me rn','posts/images.jpg','2025-12-02 16:13:48.238072','2025-12-02 16:13:48.239228',0,2,'non_game');
INSERT INTO "posts_post" VALUES(4,'our gng flexin'' fr','posts/hq720.jpg','2025-12-02 16:21:39.969753','2025-12-02 18:08:15.615670',1,2,'cs2');
INSERT INTO "posts_post" VALUES(6,'Profile links','','2025-12-02 19:11:00.677424','2025-12-02 19:11:00.677564',0,8,'minecraft');
INSERT INTO "posts_post" VALUES(7,'i loose 4 games gng','posts/pngtree-pug-png-with-ai-generated-png-image_11559294.png','2025-12-02 19:16:34.479113','2025-12-02 19:21:29.046990',0,2,'valorant');
INSERT INTO "posts_post" VALUES(8,'Finally passed Dispatch :D Great Game!','','2025-12-02 19:54:56.465516','2025-12-02 19:54:56.465850',0,10,'other_games');
INSERT INTO "posts_post" VALUES(9,'wanna play add me to friends silver 3-4 party','','2025-12-02 20:47:42.798434','2025-12-02 20:47:42.798784',0,2,'cs2');
CREATE TABLE "profiles_profile" ("id" integer NOT NULL PRIMARY KEY AUTOINCREMENT, "display_name" varchar(150) NOT NULL, "bio" text NOT NULL, "avatar" varchar(100) NULL, "created_at" datetime NOT NULL, "updated_at" datetime NOT NULL, "user_id" integer NOT NULL UNIQUE REFERENCES "auth_user" ("id") DEFERRABLE INITIALLY DEFERRED);
INSERT INTO "profiles_profile" VALUES(1,'admin god','myself','avatars/cba94704-23e2-4f93-ac60-0a75105c4253.jpeg','2025-12-02 15:57:42.667598','2025-12-02 16:43:36.315181',1);
INSERT INTO "profiles_profile" VALUES(2,'playboi_carti','vamp','avatars/a893bc664bd6e5ea82724fbf999a5b2e.jpg','2025-12-02 16:04:12.097020','2025-12-02 20:47:04.811968',2);
INSERT INTO "profiles_profile" VALUES(3,'lil_tecca','','avatars/memi-klev-club-pg42-p-memi-negr-plachet-24.jpg','2025-12-02 16:08:31.910398','2025-12-02 20:48:03.176570',3);
INSERT INTO "profiles_profile" VALUES(4,'temp1','','','2025-12-02 19:08:47.890328','2025-12-02 19:08:47.890494',4);
INSERT INTO "profiles_profile" VALUES(5,'temp2','','','2025-12-02 19:08:48.748457','2025-12-02 19:08:48.748584',5);
INSERT INTO "profiles_profile" VALUES(8,'pauthor','','','2025-12-02 19:10:59.760562','2025-12-02 19:10:59.760719',8);
INSERT INTO "profiles_profile" VALUES(9,'pguest','','','2025-12-02 19:11:00.593566','2025-12-02 19:11:00.593701',9);
INSERT INTO "profiles_profile" VALUES(10,'shalashovka23','','avatars/af042912cf7c90bc1033c184599d312b.jpg','2025-12-02 19:53:00.692952','2025-12-02 19:53:33.619998',10);
CREATE UNIQUE INDEX "auth_group_permissions_group_id_permission_id_0cd325b0_uniq" ON "auth_group_permissions" ("group_id", "permission_id");
CREATE INDEX "auth_group_permissions_group_id_b120cbf9" ON "auth_group_permissions" ("group_id");
CREATE INDEX "auth_group_permissions_permission_id_84c5c92e" ON "auth_group_permissions" ("permission_id");
CREATE UNIQUE INDEX "auth_user_groups_user_id_group_id_94350c0c_uniq" ON "auth_user_groups" ("user_id", "group_id");
CREATE INDEX "auth_user_groups_user_id_6a12ed8b" ON "auth_user_groups" ("user_id");
CREATE INDEX "auth_user_groups_group_id_97559544" ON "auth_user_groups" ("group_id");
CREATE UNIQUE INDEX "auth_user_user_permissions_user_id_permission_id_14a6b632_uniq" ON "auth_user_user_permissions" ("user_id", "permission_id");
CREATE INDEX "auth_user_user_permissions_user_id_a95ead1b" ON "auth_user_user_permissions" ("user_id");
CREATE INDEX "auth_user_user_permissions_permission_id_1fbb5f2c" ON "auth_user_user_permissions" ("permission_id");
CREATE INDEX "django_admin_log_content_type_id_c4bce8eb" ON "django_admin_log" ("content_type_id");
CREATE INDEX "django_admin_log_user_id_c564eba6" ON "django_admin_log" ("user_id");
CREATE UNIQUE INDEX "django_content_type_app_label_model_76bd3d3b_uniq" ON "django_content_type" ("app_label", "model");
CREATE UNIQUE INDEX "auth_permission_content_type_id_codename_01ab375a_uniq" ON "auth_permission" ("content_type_id", "codename");
CREATE INDEX "auth_permission_content_type_id_2f476e4b" ON "auth_permission" ("content_type_id");
CREATE INDEX "friendships_friendrequest_from_user_id_e0a8f98d" ON "friendships_friendrequest" ("from_user_id");
CREATE INDEX "friendships_friendrequest_to_user_id_0df85a91" ON "friendships_friendrequest" ("to_user_id");
CREATE INDEX "friendships_friendship_user1_id_3ab7a3a8" ON "friendships_friendship" ("user1_id");
CREATE INDEX "friendships_friendship_user2_id_2970b6fd" ON "friendships_friendship" ("user2_id");
CREATE INDEX "messaging_directconversation_created_by_id_8a96b23b" ON "messaging_directconversation" ("created_by_id");
CREATE INDEX "messaging_directmessage_conversation_id_1ae8cc5c" ON "messaging_directmessage" ("conversation_id");
CREATE INDEX "messaging_directmessage_sender_id_c4cf2aac" ON "messaging_directmessage" ("sender_id");
CREATE UNIQUE INDEX "messaging_directconversationparticipant_conversation_id_user_id_59df0247_uniq" ON "messaging_directconversationparticipant" ("conversation_id", "user_id");
CREATE INDEX "messaging_directconversationparticipant_conversation_id_d89276ab" ON "messaging_directconversationparticipant" ("conversation_id");
CREATE INDEX "messaging_directconversationparticipant_user_id_17ef4dab" ON "messaging_directconversationparticipant" ("user_id");
CREATE INDEX "posts_comment_author_id_795e4d12" ON "posts_comment" ("author_id");
CREATE INDEX "posts_comment_post_id_e81436d7" ON "posts_comment" ("post_id");
CREATE UNIQUE INDEX "posts_like_post_id_user_id_fd7bb62e_uniq" ON "posts_like" ("post_id", "user_id");
CREATE INDEX "posts_like_user_id_1d505823" ON "posts_like" ("user_id");
CREATE INDEX "posts_like_post_id_127195b7" ON "posts_like" ("post_id");
CREATE INDEX "django_session_expire_date_a5c62663" ON "django_session" ("expire_date");
CREATE INDEX "posts_post_author_id_fe5487bf" ON "posts_post" ("author_id");
DELETE FROM "sqlite_sequence";
INSERT INTO "sqlite_sequence" VALUES('django_migrations',25);
INSERT INTO "sqlite_sequence" VALUES('django_admin_log',0);
INSERT INTO "sqlite_sequence" VALUES('django_content_type',15);
INSERT INTO "sqlite_sequence" VALUES('auth_permission',60);
INSERT INTO "sqlite_sequence" VALUES('auth_group',0);
INSERT INTO "sqlite_sequence" VALUES('auth_user',10);
INSERT INTO "sqlite_sequence" VALUES('profiles_profile',10);
INSERT INTO "sqlite_sequence" VALUES('posts_like',30);
INSERT INTO "sqlite_sequence" VALUES('friendships_friendrequest',4);
INSERT INTO "sqlite_sequence" VALUES('friendships_friendship',5);
INSERT INTO "sqlite_sequence" VALUES('messaging_directconversation',3);
INSERT INTO "sqlite_sequence" VALUES('messaging_directconversationparticipant',6);
INSERT INTO "sqlite_sequence" VALUES('messaging_directmessage',5);
INSERT INTO "sqlite_sequence" VALUES('posts_comment',11);
INSERT INTO "sqlite_sequence" VALUES('posts_post',9);
COMMIT;
